--
-- PostgreSQL database dump
--

\restrict oclB78E1w6CCR0hbhWlDkI9DGwHEGxHDaKAfi9w3MQIRwhO1ZVb1wnlPBFfpho6

-- Dumped from database version 17.4
-- Dumped by pg_dump version 17.6

SET statement_timeout = 0;
SET lock_timeout = 0;
SET idle_in_transaction_session_timeout = 0;
SET transaction_timeout = 0;
SET client_encoding = 'UTF8';
SET standard_conforming_strings = on;
SELECT pg_catalog.set_config('search_path', '', false);
SET check_function_bodies = false;
SET xmloption = content;
SET client_min_messages = warning;
SET row_security = off;

--
-- Data for Name: campaigns; Type: TABLE DATA; Schema: public; Owner: -
--

INSERT INTO public.campaigns (id, slug, name, summary, description, status, active_range, primary_segment_id, notes, created_by, created_at, updated_at) VALUES ('4e66eb4f-4cb6-4fa2-845f-8d254a92978e', 'proactiva-tech-2-0', 'Proactiva Tech 2.0', 'Campaña de gadgets para asesores consolidados', 'Para asesores consolidados (más de 24 meses desde conexión). Requiere entre 6 y 15 pólizas VI/GMMI durante oct-nov 2025.', 'draft', '[2025-10-01,2025-12-01)', 'c1555019-1fb8-4c32-8fbb-2c9619469829', 'Definir criterio de asesor consolidado (>24 meses conexión).', NULL, '2025-11-13 15:38:19.43368+00', '2025-11-21 06:58:57.114726+00');
INSERT INTO public.campaigns (id, slug, name, summary, description, status, active_range, primary_segment_id, notes, created_by, created_at, updated_at) VALUES ('2cce9fc6-9046-44b1-ae25-24534164c5c0', 'regalos-momentum', 'Regalos Momentum', 'Premios en especie por pólizas Momentum', 'Requiere pólizas Momentum con prima mínima de $50,000 MXN durante oct-nov 2025.', 'draft', '[2025-10-01,2025-12-01)', 'c1555019-1fb8-4c32-8fbb-2c9619469829', 'Prima mínima por póliza Momentum: $50,000 MXN.', NULL, '2025-11-13 15:38:20.443711+00', '2025-11-21 06:58:58.070803+00');
INSERT INTO public.campaigns (id, slug, name, summary, description, status, active_range, primary_segment_id, notes, created_by, created_at, updated_at) VALUES ('9ed4211b-a0de-4610-be47-cc24bc141574', 'avalancha-gmm', 'Avalancha GMM', 'Campaña GMM para asesores 12m y consolidados', 'Dirigida a asesores con 12 meses y consolidados. Exige entre 4 y 12 pólizas GMM y comisiones iniciales mínimas, exclusiva DCN.', 'draft', '[2025-10-01,2026-01-01)', 'c1555019-1fb8-4c32-8fbb-2c9619469829', 'Agente = asesor; desarrollador capacita; promotores = supervisores; exclusiva DCN. Umbral exacto de comisiones iniciales se confirma en UI.', NULL, '2025-11-13 15:38:22.402971+00', '2025-11-21 06:59:00.311991+00');
INSERT INTO public.campaigns (id, slug, name, summary, description, status, active_range, primary_segment_id, notes, created_by, created_at, updated_at) VALUES ('189ed131-3d6a-4f93-8af7-a7629736c6fb', 'nuevo-horizonte', 'Nuevo Horizonte', 'Evento Las Vegas para promotores nuevos', 'Promotores nuevos deben alcanzar metas de reclutas de calidad (RC) y comisiones entre julio y noviembre 2025 para asistir al evento en Las Vegas febrero 2026.', 'draft', '[2025-07-01,2025-12-01)', '550e3f3b-bf84-4bfd-9156-5cfdcc32c3a6', 'Evento programado para febrero 2026.', NULL, '2025-11-13 15:38:23.393832+00', '2025-11-21 06:59:01.243904+00');
INSERT INTO public.campaigns (id, slug, name, summary, description, status, active_range, primary_segment_id, notes, created_by, created_at, updated_at) VALUES ('fa17d399-9dd3-48e5-ac19-10ae684dea25', 'promotor-360', 'Promotor 360°', 'Evaluación integral de promotores por RC y desempeño', 'Mide RC, altas, proactivos y graduados entre enero y noviembre 2025. Premia con trofeo y viaje nacional.', 'draft', '[2025-01-01,2025-12-01)', '550e3f3b-bf84-4bfd-9156-5cfdcc32c3a6', 'Ranking por puntuación global. Confirmar fórmula final vs 2.0; parámetros editables desde UI.', NULL, '2025-11-13 15:38:24.357579+00', '2025-11-21 06:59:02.208532+00');
INSERT INTO public.campaigns (id, slug, name, summary, description, status, active_range, primary_segment_id, notes, created_by, created_at, updated_at) VALUES ('81cf0fa6-72fc-4e25-a2a8-2bd5893f76d1', 'grupo-0-asesores', 'Grupo 0 Asesores', 'Competencia de máximos productores Vida Individual y GMMI', 'Participan asesores profesionales y nuevos profesionales. Se reconoce a Top 10 en Vida Individual con prima meta de $2.5 MDP y a Top 3 en GMMI con prima inicial de $1.1 MDP, con bonos del Grupo 1.', 'draft', '[2025-10-01,2026-02-01)', 'c1555019-1fb8-4c32-8fbb-2c9619469829', 'Premios no transferibles; confirmar alcance para profesionales y nuevos profesionales.', NULL, '2025-11-13 15:38:07.520797+00', '2025-11-21 06:58:45.622589+00');
INSERT INTO public.campaigns (id, slug, name, summary, description, status, active_range, primary_segment_id, notes, created_by, created_at, updated_at) VALUES ('d4272d76-3217-4e5f-a425-2b348bcf6e87', 'camino-a-la-cumbre', 'Camino a la Cumbre', 'Meta escalonada de pólizas para asesores recientes', 'Dirigida a asesores con hasta 18 meses desde su conexión. Premia de 12 a 72 pólizas emitidas dentro de la vigencia con recompensas según nivel.', 'draft', '[2025-01-01,2026-01-01)', 'c1555019-1fb8-4c32-8fbb-2c9619469829', 'A partir de la fecha de conexión del asesor.', NULL, '2025-11-13 15:38:08.547543+00', '2025-11-21 06:58:46.562517+00');
INSERT INTO public.campaigns (id, slug, name, summary, description, status, active_range, primary_segment_id, notes, created_by, created_at, updated_at) VALUES ('913d8d1b-2acc-4a32-84ac-9f482607f9c4', 'mdrt', 'MDRT', 'Certificación MDRT por metas de prima, comisiones e ingresos', 'Exige prima de $1.7M MXN, comisiones de $849K MXN e ingresos de $1.47M MXN durante 2025. Al menos 50% del negocio debe ser Vida.', 'draft', '[2025-01-01,2026-01-01)', 'c1555019-1fb8-4c32-8fbb-2c9619469829', 'Confirmar criterio de porcentaje mínimo Vida (≥ 50%).', NULL, '2025-11-13 15:38:12.502422+00', '2025-11-21 06:58:50.503996+00');
INSERT INTO public.campaigns (id, slug, name, summary, description, status, active_range, primary_segment_id, notes, created_by, created_at, updated_at) VALUES ('b9e4a335-a28f-435e-9bee-2c5d189bf7a4', 'msi-renovacion-gmm', 'MSI Renovación GMM', 'MSI para renovaciones GMMI al corriente', 'Aplica a renovaciones GMMI con recibos vigentes (al corriente). Otorga pago en mensualidades sin intereses sobre la prima de renovación.', 'draft', '[2025-10-01,2026-01-01)', 'c1555019-1fb8-4c32-8fbb-2c9619469829', 'Recibos vigentes = al corriente (pendiente lógica).', NULL, '2025-11-13 15:38:16.380062+00', '2025-11-21 06:58:54.255554+00');
INSERT INTO public.campaigns (id, slug, name, summary, description, status, active_range, primary_segment_id, notes, created_by, created_at, updated_at) VALUES ('7dfdd6a5-5f0f-4170-962a-a3d8acf69b21', 'convenciones-al-doble', 'Convenciones al Doble', 'Conteo doble de comisiones en octubre 2025', 'Durante octubre 2025 las comisiones iniciales cuentan al doble para la campaña de convenciones.', 'draft', '[2025-10-01,2025-11-01)', 'c1555019-1fb8-4c32-8fbb-2c9619469829', 'Aplicable solo para comisiones generadas en octubre 2025.', NULL, '2025-11-13 15:38:17.384305+00', '2025-11-21 06:58:55.222806+00');
INSERT INTO public.campaigns (id, slug, name, summary, description, status, active_range, primary_segment_id, notes, created_by, created_at, updated_at) VALUES ('6289d0d7-47b1-46f3-a396-4af6db1c4fc4', 'graduacion-promotores', 'Graduación (Promotores)', 'Reconocimiento por asesores graduados por generación', 'Debe reportar al menos dos asesores graduados por generación en periodos Nov 2025 – May 2026 y Jun – Nov 2026, siguiendo reglas del Encuentro Nacional de Graduación.', 'draft', '[2025-11-01,2026-12-01)', '550e3f3b-bf84-4bfd-9156-5cfdcc32c3a6', 'Cubre dos cortes anuales de graduación.', NULL, '2025-11-13 15:38:26.366235+00', '2025-11-21 06:59:04.09515+00');
INSERT INTO public.campaigns (id, slug, name, summary, description, status, active_range, primary_segment_id, notes, created_by, created_at, updated_at) VALUES ('fd81b7e0-8534-4bd7-b982-7e063cfd0555', 'ola-de-productividad-promotores', 'Ola de Productividad (Promotores)', 'Viaje Cancún para promotores con RC y asesores ganadores', 'Requiere cumplir metas de recluta de calidad y tener asesores ganadores en la campaña objetivo durante agosto-noviembre 2025.', 'draft', '[2025-08-01,2025-12-01)', '550e3f3b-bf84-4bfd-9156-5cfdcc32c3a6', 'Validar definición de RC.', NULL, '2025-11-13 15:38:27.378604+00', '2025-11-21 06:59:05.010928+00');
INSERT INTO public.campaigns (id, slug, name, summary, description, status, active_range, primary_segment_id, notes, created_by, created_at, updated_at) VALUES ('788fe3a8-b530-4dcf-918b-80b56148af6e', 'creciendo-contigo', 'Creciendo Contigo', 'Premios semestrales para promotores por desempeño', 'Se evalúa en dos semestres (Ene-Jun y Jul-Dic 2025). Considera % de asesores ganadores de bono base y reclutas de calidad.', 'draft', '[2025-01-01,2026-01-01)', '550e3f3b-bf84-4bfd-9156-5cfdcc32c3a6', 'Premios por semestre según desempeño.', NULL, '2025-11-13 15:38:28.294997+00', '2025-11-21 06:59:05.927586+00');
INSERT INTO public.campaigns (id, slug, name, summary, description, status, active_range, primary_segment_id, notes, created_by, created_at, updated_at) VALUES ('f74d92bf-ad80-4e20-bd4a-1bfccc03d7f2', '85-anos-promotores', '85 años (Promotores)', 'Reconocimiento por índices de cartera y RC', 'Exige cumplimiento de índices de cancelación de cartera y metas de recluta de calidad durante 2025 para acceder al viaje a Perú.', 'draft', '[2025-01-01,2026-01-01)', '550e3f3b-bf84-4bfd-9156-5cfdcc32c3a6', 'Enfocado en desempeño de cartera y recluta. Umbrales LIMRA/IGC por confirmar; ajustar en requisitos UI.', NULL, '2025-11-13 15:38:29.238517+00', '2025-11-21 06:59:06.853814+00');
INSERT INTO public.campaigns (id, slug, name, summary, description, status, active_range, primary_segment_id, notes, created_by, created_at, updated_at) VALUES ('59086cbb-b078-4d75-bd83-7b9921b74850', 'legion-centurion-promotores', 'Legión Centurión (Promotores)', 'Reconoce a promotores por asesores ganadores', 'Premia a promotores según cantidad de asesores que ganan campañas (Bronce, Plata, Oro, Platino).', 'draft', '[2025-01-01,2026-01-01)', '550e3f3b-bf84-4bfd-9156-5cfdcc32c3a6', 'Niveles basados en cantidad de asesores ganadores. Definir rangos finales en UI según lineamientos vigentes.', NULL, '2025-11-13 15:38:30.184704+00', '2025-11-21 06:59:07.78102+00');
INSERT INTO public.campaigns (id, slug, name, summary, description, status, active_range, primary_segment_id, notes, created_by, created_at, updated_at) VALUES ('f3222548-2a3a-4dc5-aae8-55762c08f9d5', 'convenciones-promotores', 'Convenciones (Promotores)', 'Ruta de convenciones para promotores', 'Requiere alcanzar comisiones mínimas del camino de convenciones entre julio 2025 y junio 2026. Entrada duplicada normalizada para conteo único.', 'draft', '[2025-07-01,2026-07-01)', '550e3f3b-bf84-4bfd-9156-5cfdcc32c3a6', 'Condiciones idénticas; evitar duplicidad en matriz.', NULL, '2025-11-13 15:38:31.175913+00', '2025-11-21 06:59:08.705271+00');
INSERT INTO public.campaigns (id, slug, name, summary, description, status, active_range, primary_segment_id, notes, created_by, created_at, updated_at) VALUES ('f81fd14f-b015-4e7c-adc7-83529b92f034', 'sociedad-norte', 'Sociedad Norte', 'Grupo exclusivo para promotores con RC y proactivos', 'Requiere 15 reclutas de calidad y 15 asesores proactivos al cierre de diciembre 2025.', 'draft', '[2025-12-01,2026-01-01)', '550e3f3b-bf84-4bfd-9156-5cfdcc32c3a6', 'Acceso al grupo Sociedad Norte.', NULL, '2025-11-13 15:38:32.134824+00', '2025-11-21 06:59:09.637686+00');
INSERT INTO public.campaigns (id, slug, name, summary, description, status, active_range, primary_segment_id, notes, created_by, created_at, updated_at) VALUES ('2e5c763a-2688-431c-a8eb-007f50af4da8', 'msi-promotor', 'MSI Promotor', 'Compensación por costos MSI cuando se cumplen condiciones', 'Compensa costos bancarios de MSI cuando el promotor cumple condiciones sobre Vida inicial y GMM (inicial o renovación).', 'draft', '[2025-10-01,2026-01-01)', '550e3f3b-bf84-4bfd-9156-5cfdcc32c3a6', 'Definir condiciones específicas MSI cada año.', NULL, '2025-11-13 15:38:34.056661+00', '2025-11-21 06:59:11.462332+00');
INSERT INTO public.campaigns (id, slug, name, summary, description, status, active_range, primary_segment_id, notes, created_by, created_at, updated_at) VALUES ('e7ac8751-1934-4a79-aa36-d70066075f1c', 'graduacion-asesores', 'Graduación (Asesores)', 'Graduación de asesores con metas de pólizas y comisiones', 'Dirigida a asesores con hasta 12 meses. Exige alcanzar 36 pólizas emitidas y $114,000 MXN en comisiones durante la vigencia.', 'draft', '[2025-01-01,2026-01-01)', 'c1555019-1fb8-4c32-8fbb-2c9619469829', 'Condición doble obligatoria: 36 pólizas y $114,000 MXN.', NULL, '2025-11-13 15:38:09.527301+00', '2025-11-21 06:58:47.495585+00');
INSERT INTO public.campaigns (id, slug, name, summary, description, status, active_range, primary_segment_id, notes, created_by, created_at, updated_at) VALUES ('7765b4d2-1cf4-49ee-a0df-2f113ac97a42', 'promotor-360-dcn', 'Promotor 360° 2.0 (DCN)', 'Sistema de puntos ponderados para promotores DCN', 'Evaluación DCN con ponderación: Recluta 30%, Retención 15%, Bono TA mes 4 20%, Graduación 15%, Proactivos 20%. Requiere mínimo 12 asesores reclutados (6 Current + 6 1a Clase).', 'draft', '[2025-01-01,2025-12-01)', '550e3f3b-bf84-4bfd-9156-5cfdcc32c3a6', 'Premios en cena de fin de año; impuestos a cargo; sin claves temporales ni Pre-PAR/PAR.', NULL, '2025-11-13 15:38:25.360659+00', '2025-11-21 06:59:03.148417+00');
INSERT INTO public.campaigns (id, slug, name, summary, description, status, active_range, primary_segment_id, notes, created_by, created_at, updated_at) VALUES ('f9f28abe-915d-43ec-b1bb-2c71e4ad70da', 'cierra-con-exito-momentum', 'Cierra con Éxito (Momentum)', 'Campaña exclusiva DCN con meta de 4 pólizas Momentum', 'Exclusiva para Dirección Comercial Norte (DCN). Exige cuatro pólizas Momentum emitidas y pagadas entre oct-dic 2025.', 'draft', '[2025-10-01,2026-01-01)', 'c1555019-1fb8-4c32-8fbb-2c9619469829', 'Exclusiva DCN (Monterrey).', NULL, '2025-11-13 15:38:21.434384+00', '2025-11-21 06:58:59.358557+00');
INSERT INTO public.campaigns (id, slug, name, summary, description, status, active_range, primary_segment_id, notes, created_by, created_at, updated_at) VALUES ('c91354c4-65fd-4698-a68d-4fc09749ea94', 'capitanes-al-mando', 'Capitanes al Mando', 'Incentivo para promotores con asesores conectados', 'Debe mantener 10-12 asesores conectados activos entre octubre 2025 y febrero 2026 con comisiones iniciales mínimas en VI/GMMI.', 'draft', '[2025-10-01,2026-03-01)', '550e3f3b-bf84-4bfd-9156-5cfdcc32c3a6', 'Viaje Xcaret Arte o Los Cabos.', NULL, '2025-11-13 15:38:33.093125+00', '2025-11-21 06:59:10.565903+00');
INSERT INTO public.campaigns (id, slug, name, summary, description, status, active_range, primary_segment_id, notes, created_by, created_at, updated_at) VALUES ('5125fd79-7228-432f-ae83-dfd3e0c3b9c7', 'legion-centurion-asesores', 'Legión Centurión (Asesores)', 'Reconocimiento por niveles de producción de pólizas', 'Aplica a asesores con producción de 24 a 120 pólizas. Define niveles Bronce, Plata, Oro y Platino con metas semestrales/anuales.', 'draft', '[2025-01-01,2026-01-01)', 'c1555019-1fb8-4c32-8fbb-2c9619469829', 'Reconocimientos escalonados por nivel. Rangos finales por confirmar; permitir ajuste en requisitos.', NULL, '2025-11-13 15:38:10.498235+00', '2025-11-21 06:58:48.447995+00');
INSERT INTO public.campaigns (id, slug, name, summary, description, status, active_range, primary_segment_id, notes, created_by, created_at, updated_at) VALUES ('86d91c32-3334-49dd-826d-1f4f19e5b762', 'convenciones-asesores', 'Convenciones (Asesores)', 'Clasificación a convenciones por pólizas y comisiones', 'Requiere 30 pólizas emitidas y $588,500 MXN en comisiones entre julio 2025 y junio 2026. Conteo único consolidado para evitar duplicidades en reportes.', 'draft', '[2025-07-01,2026-07-01)', 'c1555019-1fb8-4c32-8fbb-2c9619469829', 'Condiciones idénticas en hoja maestra; evitar duplicidad.', NULL, '2025-11-13 15:38:11.491245+00', '2025-11-21 06:58:49.587682+00');
INSERT INTO public.campaigns (id, slug, name, summary, description, status, active_range, primary_segment_id, notes, created_by, created_at, updated_at) VALUES ('a443514f-c742-4c96-801b-7c97b7149f68', '85-anos-asesores', '85 años (Asesores)', 'Campaña aniversario con metas de pólizas e índices LIMRA/IGC', 'Requiere 85 pólizas emitidas durante 2025 y cumplir índices mínimos de cancelación LIMRA e IGC.', 'draft', '[2025-01-01,2026-01-01)', 'c1555019-1fb8-4c32-8fbb-2c9619469829', 'IMRA = índice de cancelación primer año; IGC = cancelación después del primer año. Umbrales LIMRA/IGC pendientes de confirmación; parametrizar en requisitos.', NULL, '2025-11-13 15:38:13.45163+00', '2025-11-21 06:58:51.415596+00');
INSERT INTO public.campaigns (id, slug, name, summary, description, status, active_range, primary_segment_id, notes, created_by, created_at, updated_at) VALUES ('b32c199f-457e-4bc7-a764-267e5a611be6', 'ola-de-productividad-asesores', 'Ola de Productividad (Asesores)', 'Impulso comercial con metas de pólizas, comisiones y prima mínima', 'Exige entre 8 y 14 pólizas emitidas, comisiones acumuladas de al menos $48,000 MXN y prima mínima de $17,000 por póliza durante la vigencia agosto-noviembre 2025.', 'draft', '[2025-08-01,2025-12-01)', 'c1555019-1fb8-4c32-8fbb-2c9619469829', 'Todas las pólizas deben superar prima mínima $17,000 MXN; validar tabla de comisiones en flyer si cambia. Umbrales por nivel de comisión (24K/30K/48K) se ajustan en UI.', NULL, '2025-11-13 15:38:14.430952+00', '2025-11-21 06:58:52.350892+00');
INSERT INTO public.campaigns (id, slug, name, summary, description, status, active_range, primary_segment_id, notes, created_by, created_at, updated_at) VALUES ('f064c8cc-4541-4e36-be99-48265baa8eca', 'msi-inicial', 'MSI Inicial', 'Facilidades MSI para pólizas iniciales VI/GMMI/AP', 'Aplica a pólizas iniciales de Vida Individual, GMMI y Accidentes Personales emitidas y pagadas. Ofrece meses sin intereses conforme a reglas vigentes.', 'draft', '[2025-10-01,2026-01-01)', 'c1555019-1fb8-4c32-8fbb-2c9619469829', 'AP = Accidentes Personales; GMMI = Gastos Médicos Mayores Individual; VI = Vida Individual.', NULL, '2025-11-13 15:38:15.400852+00', '2025-11-21 06:58:53.300025+00');
INSERT INTO public.campaigns (id, slug, name, summary, description, status, active_range, primary_segment_id, notes, created_by, created_at, updated_at) VALUES ('eff2fda5-2633-4e02-9b8b-8d22f1998b08', 'tcp-tipo-cambio-preferencial', 'TCP (Tipo de Cambio Preferencial)', 'Tipo de cambio preferencial para pólizas Vida en dólares', 'Aplica a pólizas de Vida Individual en dólares con prima equivalente a ≥ $100,000 MXN. Otorga tipo de cambio preferencial $16.99.', 'draft', '[2025-10-01,2025-11-01)', 'c1555019-1fb8-4c32-8fbb-2c9619469829', 'Prima emitida en USD debe equivaler al menos a $100,000 MXN.', NULL, '2025-11-13 15:38:18.412389+00', '2025-11-21 06:58:56.146395+00');
INSERT INTO public.campaigns (id, slug, name, summary, description, status, active_range, primary_segment_id, notes, created_by, created_at, updated_at) VALUES ('60460458-7d05-4193-88a9-e2248345bfeb', 'reto-5000', 'Reto 5000', 'Reto de pólizas Vida Grupo con prima mínima de $25,000 MXN', 'Participan asesores PF (mes ≥25) y promotores con mes de conexión registrado. Se contabilizan pólizas iniciales Vida Grupo nuevas, sin historial en los 12 meses previos, con prima mínima de $25,000 MXN y vigencia de al menos 12 meses.', 'draft', '[2025-10-01,2026-04-01)', 'c1555019-1fb8-4c32-8fbb-2c9619469829', 'Pago dos meses después del cierre; confirmar alcance para PF y definición de mes de conexión.', NULL, '2025-11-13 15:38:05.185349+00', '2025-11-21 06:58:43.758145+00');
INSERT INTO public.campaigns (id, slug, name, summary, description, status, active_range, primary_segment_id, notes, created_by, created_at, updated_at) VALUES ('32873bf3-de9a-49fc-b34c-5eae329c2ded', 'grupo-colectivo-da-plus', 'Grupo & Colectivo DA+', 'Bonos y premios por primeras pólizas Vida Grupo y Accidentes', 'Participan asesores nuevos, reactivados y activos. La primera póliza genera bono en efectivo diferenciado; de la segunda en adelante se entregan premios en especie. Se exige prima mínima de $25,000 para Vida Grupo y $50,000 para Accidentes.', 'draft', '[2025-10-01,2026-04-01)', 'c1555019-1fb8-4c32-8fbb-2c9619469829', 'Premios en especie no acumulables.', NULL, '2025-11-13 15:38:06.234351+00', '2025-11-21 06:58:44.682862+00');


--
-- Data for Name: campaign_rewards; Type: TABLE DATA; Schema: public; Owner: -
--

INSERT INTO public.campaign_rewards (id, campaign_id, title, description, is_accumulative, sort_order, created_at, updated_at) VALUES ('5cabc7df-6fe2-440f-9cba-f73578fb5367', 'fd81b7e0-8534-4bd7-b982-7e063cfd0555', 'Viaje Cancún', 'Viaje de incentivo para promotores calificados.', false, 1, '2025-11-21 12:59:05.699063+00', '2025-11-21 12:59:05.699063+00');
INSERT INTO public.campaign_rewards (id, campaign_id, title, description, is_accumulative, sort_order, created_at, updated_at) VALUES ('482db20e-0cd9-4a84-a766-ba69d0bc07be', '788fe3a8-b530-4dcf-918b-80b56148af6e', 'Pantalla', 'Premio para top semestrales.', false, 1, '2025-11-21 12:59:06.622503+00', '2025-11-21 12:59:06.622503+00');
INSERT INTO public.campaign_rewards (id, campaign_id, title, description, is_accumulative, sort_order, created_at, updated_at) VALUES ('6b0f55ac-3026-4b20-a8d5-c6acfa2d6560', '788fe3a8-b530-4dcf-918b-80b56148af6e', 'Bocina', 'Premio complementario por desempeño.', false, 2, '2025-11-21 12:59:06.622503+00', '2025-11-21 12:59:06.622503+00');
INSERT INTO public.campaign_rewards (id, campaign_id, title, description, is_accumulative, sort_order, created_at, updated_at) VALUES ('88983889-105d-4ae8-bc0b-ab55a0a75263', '788fe3a8-b530-4dcf-918b-80b56148af6e', 'Audífonos', 'Premio adicional para rankings destacados.', false, 3, '2025-11-21 12:59:06.622503+00', '2025-11-21 12:59:06.622503+00');
INSERT INTO public.campaign_rewards (id, campaign_id, title, description, is_accumulative, sort_order, created_at, updated_at) VALUES ('0bdf7861-c9f3-4c1c-9dd8-fa4bdbc77f87', 'f74d92bf-ad80-4e20-bd4a-1bfccc03d7f2', 'Viaje a Perú', 'Reconocimiento para promotores que cumplen metas de aniversario.', false, 1, '2025-11-21 12:59:07.548503+00', '2025-11-21 12:59:07.548503+00');
INSERT INTO public.campaign_rewards (id, campaign_id, title, description, is_accumulative, sort_order, created_at, updated_at) VALUES ('760a9650-f9e7-4a5d-81e7-79f9c331f57d', '59086cbb-b078-4d75-bd83-7b9921b74850', 'Evento y beneficios', 'Beneficios exclusivos por nivel de la Legión Centurión.', false, 1, '2025-11-21 12:59:08.473365+00', '2025-11-21 12:59:08.473365+00');
INSERT INTO public.campaign_rewards (id, campaign_id, title, description, is_accumulative, sort_order, created_at, updated_at) VALUES ('0d19d413-f6d3-43a3-874a-ae66ef8ef997', 'f3222548-2a3a-4dc5-aae8-55762c08f9d5', 'Convención', 'Acceso al evento de convención para promotores calificados.', false, 1, '2025-11-21 12:59:09.394835+00', '2025-11-21 12:59:09.394835+00');
INSERT INTO public.campaign_rewards (id, campaign_id, title, description, is_accumulative, sort_order, created_at, updated_at) VALUES ('dc14a983-21d3-4b63-a2fc-b34a2f46dc63', 'f81fd14f-b015-4e7c-adc7-83529b92f034', 'Pertenencia Grupo SN', 'Ingreso al grupo Sociedad Norte con beneficios exclusivos.', false, 1, '2025-11-21 12:59:10.332001+00', '2025-11-21 12:59:10.332001+00');
INSERT INTO public.campaign_rewards (id, campaign_id, title, description, is_accumulative, sort_order, created_at, updated_at) VALUES ('24dd3d3c-c656-4f20-b556-5cd5115fbe09', 'c91354c4-65fd-4698-a68d-4fc09749ea94', 'Viaje Xcaret Arte o Los Cabos', 'Viaje de incentivo para promotores que mantienen la base activa.', false, 1, '2025-11-21 12:59:11.24042+00', '2025-11-21 12:59:11.24042+00');
INSERT INTO public.campaign_rewards (id, campaign_id, title, description, is_accumulative, sort_order, created_at, updated_at) VALUES ('4c9f2144-9642-4c3f-87fa-5c583d9e6dc5', '2e5c763a-2688-431c-a8eb-007f50af4da8', 'Compensación MSI', 'Compensación por costos bancarios de MSI cuando se cumplen condiciones.', false, 1, '2025-11-21 12:59:12.145737+00', '2025-11-21 12:59:12.145737+00');
INSERT INTO public.campaign_rewards (id, campaign_id, title, description, is_accumulative, sort_order, created_at, updated_at) VALUES ('6575fceb-57bb-4eff-8b35-cadc220bc272', '60460458-7d05-4193-88a9-e2248345bfeb', '$5,000 MXN', 'Por cada póliza Vida Grupo emitida y pagada que cumpla los criterios.', true, 1, '2025-11-21 12:58:44.446615+00', '2025-11-21 12:58:44.446615+00');
INSERT INTO public.campaign_rewards (id, campaign_id, title, description, is_accumulative, sort_order, created_at, updated_at) VALUES ('cf57b798-6495-4572-9293-638470561c78', '32873bf3-de9a-49fc-b34c-5eae329c2ded', 'Bono primera póliza', '$6,000 MXN para reclutas, $3,000 MXN para asesores activos/reactivados.', false, 1, '2025-11-21 12:58:45.389857+00', '2025-11-21 12:58:45.389857+00');
INSERT INTO public.campaign_rewards (id, campaign_id, title, description, is_accumulative, sort_order, created_at, updated_at) VALUES ('c78bdb9f-f40a-464c-ac13-0ee911ff61cc', '32873bf3-de9a-49fc-b34c-5eae329c2ded', 'AirPods', 'Entrega al emitir dos pólizas válidas.', false, 2, '2025-11-21 12:58:45.389857+00', '2025-11-21 12:58:45.389857+00');
INSERT INTO public.campaign_rewards (id, campaign_id, title, description, is_accumulative, sort_order, created_at, updated_at) VALUES ('70b7110a-6bfd-4844-889f-84cceb6380c2', '32873bf3-de9a-49fc-b34c-5eae329c2ded', 'Apple Watch', 'Entrega al emitir tres pólizas válidas.', false, 3, '2025-11-21 12:58:45.389857+00', '2025-11-21 12:58:45.389857+00');
INSERT INTO public.campaign_rewards (id, campaign_id, title, description, is_accumulative, sort_order, created_at, updated_at) VALUES ('6c6fa1a4-963f-4115-9924-dd6d5553e052', '32873bf3-de9a-49fc-b34c-5eae329c2ded', 'iPad Air', 'Entrega al emitir cuatro o más pólizas válidas.', false, 4, '2025-11-21 12:58:45.389857+00', '2025-11-21 12:58:45.389857+00');
INSERT INTO public.campaign_rewards (id, campaign_id, title, description, is_accumulative, sort_order, created_at, updated_at) VALUES ('832dc2c7-cfe3-4a05-8c10-4baad30aafbe', '81cf0fa6-72fc-4e25-a2a8-2bd5893f76d1', 'Viaje Los Cabos', 'Experiencia para máximos productores Grupo 0.', false, 1, '2025-11-21 12:58:46.316993+00', '2025-11-21 12:58:46.316993+00');
INSERT INTO public.campaign_rewards (id, campaign_id, title, description, is_accumulative, sort_order, created_at, updated_at) VALUES ('a551ff44-b928-48c7-8a3e-4292a95c5fb3', '81cf0fa6-72fc-4e25-a2a8-2bd5893f76d1', 'Bono $30,000 MXN', 'Bono económico adicional para ganadores Grupo 1.', false, 2, '2025-11-21 12:58:46.316993+00', '2025-11-21 12:58:46.316993+00');
INSERT INTO public.campaign_rewards (id, campaign_id, title, description, is_accumulative, sort_order, created_at, updated_at) VALUES ('624a5bc0-aa83-404a-8cbe-7169c26e9ef1', '81cf0fa6-72fc-4e25-a2a8-2bd5893f76d1', 'Cena SIMPOSIO', 'Reconocimiento en cena especial del SIMPOSIO.', false, 3, '2025-11-21 12:58:46.316993+00', '2025-11-21 12:58:46.316993+00');
INSERT INTO public.campaign_rewards (id, campaign_id, title, description, is_accumulative, sort_order, created_at, updated_at) VALUES ('a3422fe7-4844-4727-94a0-6876635f0dac', 'd4272d76-3217-4e5f-a425-2b348bcf6e87', 'Puntos Rewards', 'Puntos variables según nivel alcanzado.', true, 1, '2025-11-21 12:58:47.263885+00', '2025-11-21 12:58:47.263885+00');
INSERT INTO public.campaign_rewards (id, campaign_id, title, description, is_accumulative, sort_order, created_at, updated_at) VALUES ('bc974024-540d-49a3-8268-76697d7b66db', 'd4272d76-3217-4e5f-a425-2b348bcf6e87', 'Bonos $5,000 MXN y $25,000 MXN', 'Bonos económicos asociados a niveles intermedios y máximos.', false, 2, '2025-11-21 12:58:47.263885+00', '2025-11-21 12:58:47.263885+00');
INSERT INTO public.campaign_rewards (id, campaign_id, title, description, is_accumulative, sort_order, created_at, updated_at) VALUES ('c13e01e1-6e4b-4acb-a379-e26c09c16aa8', 'e7ac8751-1934-4a79-aa36-d70066075f1c', 'Evento de graduación', 'Ceremonia y reconocimiento para asesores graduados.', false, 1, '2025-11-21 12:58:48.208698+00', '2025-11-21 12:58:48.208698+00');
INSERT INTO public.campaign_rewards (id, campaign_id, title, description, is_accumulative, sort_order, created_at, updated_at) VALUES ('fc730474-e3ba-4114-9741-dbcedf5083fa', '5125fd79-7228-432f-ae83-dfd3e0c3b9c7', 'Reconocimiento por nivel', 'Insignias y beneficios asociados a cada nivel.', false, 1, '2025-11-21 12:58:49.341464+00', '2025-11-21 12:58:49.341464+00');
INSERT INTO public.campaign_rewards (id, campaign_id, title, description, is_accumulative, sort_order, created_at, updated_at) VALUES ('979d7596-20eb-4eeb-bfea-1729df5da9cf', '5125fd79-7228-432f-ae83-dfd3e0c3b9c7', 'Evento especial', 'Evento para los integrantes de la Legión Centurión.', false, 2, '2025-11-21 12:58:49.341464+00', '2025-11-21 12:58:49.341464+00');
INSERT INTO public.campaign_rewards (id, campaign_id, title, description, is_accumulative, sort_order, created_at, updated_at) VALUES ('c54e532d-e3a3-4135-b06f-2f35062bb55e', '86d91c32-3334-49dd-826d-1f4f19e5b762', 'Viaje de convención', 'Acceso a la convención anual para asesores calificados.', false, 1, '2025-11-21 12:58:50.27075+00', '2025-11-21 12:58:50.27075+00');
INSERT INTO public.campaign_rewards (id, campaign_id, title, description, is_accumulative, sort_order, created_at, updated_at) VALUES ('0a51b447-af1e-4ad6-a84a-9212edcfc50b', '913d8d1b-2acc-4a32-84ac-9f482607f9c4', 'Membresía MDRT', 'Acceso a la membresía MDRT para asesores que cumplen los estándares.', false, 1, '2025-11-21 12:58:51.190412+00', '2025-11-21 12:58:51.190412+00');
INSERT INTO public.campaign_rewards (id, campaign_id, title, description, is_accumulative, sort_order, created_at, updated_at) VALUES ('65816ee0-daa7-45d1-9e6b-15794712a661', 'a443514f-c742-4c96-801b-7c97b7149f68', 'Viaje a Perú', 'Reconocimiento especial por el 85 aniversario.', false, 1, '2025-11-21 12:58:52.122938+00', '2025-11-21 12:58:52.122938+00');
INSERT INTO public.campaign_rewards (id, campaign_id, title, description, is_accumulative, sort_order, created_at, updated_at) VALUES ('0b58ea10-1cc8-4b3c-8b24-b367a3a5d063', 'b32c199f-457e-4bc7-a764-267e5a611be6', 'Viaje Cancún', 'Premio principal para niveles más altos.', false, 1, '2025-11-21 12:58:53.052752+00', '2025-11-21 12:58:53.052752+00');
INSERT INTO public.campaign_rewards (id, campaign_id, title, description, is_accumulative, sort_order, created_at, updated_at) VALUES ('1625dcba-fd32-408b-964b-c3d6a2032d72', 'b32c199f-457e-4bc7-a764-267e5a611be6', 'Gift cards $10K–$20K', 'Gift cards escalonadas según desempeño.', false, 2, '2025-11-21 12:58:53.052752+00', '2025-11-21 12:58:53.052752+00');
INSERT INTO public.campaign_rewards (id, campaign_id, title, description, is_accumulative, sort_order, created_at, updated_at) VALUES ('0788860a-6d70-4943-8250-a96ba69ac7e8', 'f064c8cc-4541-4e36-be99-48265baa8eca', 'Facilidades MSI', 'Ofrece meses sin intereses sobre las pólizas iniciales elegibles.', false, 1, '2025-11-21 12:58:54.018115+00', '2025-11-21 12:58:54.018115+00');
INSERT INTO public.campaign_rewards (id, campaign_id, title, description, is_accumulative, sort_order, created_at, updated_at) VALUES ('b5abd214-89f5-4832-9dbd-1f5520b60de9', 'b9e4a335-a28f-435e-9bee-2c5d189bf7a4', 'Pago MSI', 'Pago en mensualidades sin intereses sobre la prima de renovación.', false, 1, '2025-11-21 12:58:54.990352+00', '2025-11-21 12:58:54.990352+00');
INSERT INTO public.campaign_rewards (id, campaign_id, title, description, is_accumulative, sort_order, created_at, updated_at) VALUES ('c390fbae-888f-4bc9-99dc-5b51199d80e7', '7dfdd6a5-5f0f-4170-962a-a3d8acf69b21', 'Conteo doble', 'Comisiones iniciales contabilizan al doble para la ruta de convenciones.', true, 1, '2025-11-21 12:58:55.912962+00', '2025-11-21 12:58:55.912962+00');
INSERT INTO public.campaign_rewards (id, campaign_id, title, description, is_accumulative, sort_order, created_at, updated_at) VALUES ('1b5bef2a-5969-437b-acb2-d7f1e6d34cac', 'eff2fda5-2633-4e02-9b8b-8d22f1998b08', 'Tipo de cambio $16.99', 'Acceso a tipo de cambio preferencial para primas emitidas válidas.', false, 1, '2025-11-21 12:58:56.887798+00', '2025-11-21 12:58:56.887798+00');
INSERT INTO public.campaign_rewards (id, campaign_id, title, description, is_accumulative, sort_order, created_at, updated_at) VALUES ('1e119f24-e3bb-485d-9b93-8929e01d33c9', '4e66eb4f-4cb6-4fa2-845f-8d254a92978e', 'iPhone 17', 'Premio para nivel superior de producción.', false, 1, '2025-11-21 12:58:57.833012+00', '2025-11-21 12:58:57.833012+00');
INSERT INTO public.campaign_rewards (id, campaign_id, title, description, is_accumulative, sort_order, created_at, updated_at) VALUES ('70ec0966-7622-455d-8c72-3c966f3ad217', '4e66eb4f-4cb6-4fa2-845f-8d254a92978e', 'Apple Watch', 'Premio intermedio para asesores consolidados.', false, 2, '2025-11-21 12:58:57.833012+00', '2025-11-21 12:58:57.833012+00');
INSERT INTO public.campaign_rewards (id, campaign_id, title, description, is_accumulative, sort_order, created_at, updated_at) VALUES ('15b97fff-0956-4452-a087-d35ed4f77fca', '4e66eb4f-4cb6-4fa2-845f-8d254a92978e', 'AirPods', 'Premio inicial para metas alcanzadas.', false, 3, '2025-11-21 12:58:57.833012+00', '2025-11-21 12:58:57.833012+00');
INSERT INTO public.campaign_rewards (id, campaign_id, title, description, is_accumulative, sort_order, created_at, updated_at) VALUES ('0ee05802-c717-4570-b16b-98b06df8556b', '2cce9fc6-9046-44b1-ae25-24534164c5c0', 'iPad 11”', 'Premio por pólizas Momentum elegibles.', false, 1, '2025-11-21 12:58:59.122711+00', '2025-11-21 12:58:59.122711+00');
INSERT INTO public.campaign_rewards (id, campaign_id, title, description, is_accumulative, sort_order, created_at, updated_at) VALUES ('8dbd9c17-2a4b-4b45-8077-cb0688847dc7', '2cce9fc6-9046-44b1-ae25-24534164c5c0', 'Pantalla 55”', 'Premio alternativo para la campaña Momentum.', false, 2, '2025-11-21 12:58:59.122711+00', '2025-11-21 12:58:59.122711+00');
INSERT INTO public.campaign_rewards (id, campaign_id, title, description, is_accumulative, sort_order, created_at, updated_at) VALUES ('e0212915-8b8c-45ea-8bfc-d51cb92695e9', 'f9f28abe-915d-43ec-b1bb-2c71e4ad70da', 'AirPods Max', 'Premio por cumplir la meta de 4 pólizas.', false, 1, '2025-11-21 12:59:00.068846+00', '2025-11-21 12:59:00.068846+00');
INSERT INTO public.campaign_rewards (id, campaign_id, title, description, is_accumulative, sort_order, created_at, updated_at) VALUES ('c70a7027-b4b9-49af-bb74-a8ca78fdd899', 'f9f28abe-915d-43ec-b1bb-2c71e4ad70da', 'iPad Air', 'Premio alternativo para ganadores.', false, 2, '2025-11-21 12:59:00.068846+00', '2025-11-21 12:59:00.068846+00');
INSERT INTO public.campaign_rewards (id, campaign_id, title, description, is_accumulative, sort_order, created_at, updated_at) VALUES ('0d7ab4b0-08b1-48a0-b0fb-30f005d8a189', 'f9f28abe-915d-43ec-b1bb-2c71e4ad70da', 'TV Sony 65”', 'Premio premium por desempeño Momentum.', false, 3, '2025-11-21 12:59:00.068846+00', '2025-11-21 12:59:00.068846+00');
INSERT INTO public.campaign_rewards (id, campaign_id, title, description, is_accumulative, sort_order, created_at, updated_at) VALUES ('75d5b26f-58d9-4799-bcb8-b56f358b99e9', '9ed4211b-a0de-4610-be47-cc24bc141574', 'Gadgets', 'Premios tecnológicos por niveles.', false, 1, '2025-11-21 12:59:01.009356+00', '2025-11-21 12:59:01.009356+00');
INSERT INTO public.campaign_rewards (id, campaign_id, title, description, is_accumulative, sort_order, created_at, updated_at) VALUES ('329be55e-f720-464c-bb02-1bcc514a0de6', '9ed4211b-a0de-4610-be47-cc24bc141574', 'Viaje Querétaro', 'Experiencia para top performers DCN.', false, 2, '2025-11-21 12:59:01.009356+00', '2025-11-21 12:59:01.009356+00');
INSERT INTO public.campaign_rewards (id, campaign_id, title, description, is_accumulative, sort_order, created_at, updated_at) VALUES ('4ffd80d9-a416-40ca-b060-8537191a32b7', '189ed131-3d6a-4f93-8af7-a7629736c6fb', 'Evento Las Vegas 2026', 'Viaje y evento especial para promotores calificados.', false, 1, '2025-11-21 12:59:01.970996+00', '2025-11-21 12:59:01.970996+00');
INSERT INTO public.campaign_rewards (id, campaign_id, title, description, is_accumulative, sort_order, created_at, updated_at) VALUES ('1a0d3c81-355a-4063-9a3c-374e3370a01e', 'fa17d399-9dd3-48e5-ac19-10ae684dea25', 'Trofeo', 'Reconocimiento físico a promotores destacados.', false, 1, '2025-11-21 12:59:02.918612+00', '2025-11-21 12:59:02.918612+00');
INSERT INTO public.campaign_rewards (id, campaign_id, title, description, is_accumulative, sort_order, created_at, updated_at) VALUES ('02fa2c7c-f821-4123-9b36-b5857e9f7620', 'fa17d399-9dd3-48e5-ac19-10ae684dea25', 'Viaje nacional', 'Experiencia para promotores mejor evaluados.', false, 2, '2025-11-21 12:59:02.918612+00', '2025-11-21 12:59:02.918612+00');
INSERT INTO public.campaign_rewards (id, campaign_id, title, description, is_accumulative, sort_order, created_at, updated_at) VALUES ('94be14d5-ecc0-482e-bf7f-4595e1dd1b60', '7765b4d2-1cf4-49ee-a0df-2f113ac97a42', 'Viaje nacional 3D/2N', 'Premio para Top 3 promotores y mejor novato.', false, 1, '2025-11-21 12:59:03.864514+00', '2025-11-21 12:59:03.864514+00');
INSERT INTO public.campaign_rewards (id, campaign_id, title, description, is_accumulative, sort_order, created_at, updated_at) VALUES ('5cc5362a-4e08-4e2f-8552-ec5b2cb1e39d', '7765b4d2-1cf4-49ee-a0df-2f113ac97a42', 'Reconocimientos Campeón Recluta/Retención', 'Premios individuales en la cena de fin de año.', false, 2, '2025-11-21 12:59:03.864514+00', '2025-11-21 12:59:03.864514+00');
INSERT INTO public.campaign_rewards (id, campaign_id, title, description, is_accumulative, sort_order, created_at, updated_at) VALUES ('bd295e8d-d745-4de8-8da6-6da3cf803338', '6289d0d7-47b1-46f3-a396-4af6db1c4fc4', 'Evento y reconocimiento', 'Distinción en el Encuentro Nacional de Graduación.', false, 1, '2025-11-21 12:59:04.785257+00', '2025-11-21 12:59:04.785257+00');


--
-- Data for Name: campaign_rules; Type: TABLE DATA; Schema: public; Owner: -
--

INSERT INTO public.campaign_rules (id, campaign_id, scope, rule_kind, config, priority, description, created_at, updated_at, logical_group, logical_operator) VALUES ('4b0695f1-fb75-4891-84c2-89c4a31a8269', '788fe3a8-b530-4dcf-918b-80b56148af6e', 'goal', 'METRIC_CONDITION', '{"field": "cumple", "value": "true", "dataset": "creciendo_contigo_score", "metricas": {"reclutas_calidad": 0.4, "porcentaje_ganadores": 0.6}, "operator": "eq", "valueType": "text", "definition": "creciendo_contigo_score"}', 0, 'Índice semestral de desempeño (ganadores vs reclutas).', '2025-11-21 12:59:06.395329+00', '2025-11-21 12:59:06.395329+00', 1, 'AND');
INSERT INTO public.campaign_rules (id, campaign_id, scope, rule_kind, config, priority, description, created_at, updated_at, logical_group, logical_operator) VALUES ('b11ee539-08d9-4488-a712-08dfeddfefdb', 'f74d92bf-ad80-4e20-bd4a-1bfccc03d7f2', 'goal', 'INDEX_THRESHOLD', '{"indices": [{"max": 0.1, "name": "cancelacion_primer_ano", "field": "indice_limra", "source": "cancelaciones"}, {"max": 0.15, "name": "cancelacion_posterior", "field": "indice_igc", "source": "cancelaciones"}]}', 0, 'Cumplir índices de cancelación establecidos.', '2025-11-21 12:59:07.316488+00', '2025-11-21 12:59:07.316488+00', 1, 'AND');
INSERT INTO public.campaign_rules (id, campaign_id, scope, rule_kind, config, priority, description, created_at, updated_at, logical_group, logical_operator) VALUES ('2ebc8bee-6e05-40c4-9103-a7d62e844d75', 'f74d92bf-ad80-4e20-bd4a-1bfccc03d7f2', 'goal', 'RC_COUNT', '{"min": 1, "prima_min_mxn": 17000, "polizas_vida_mensuales": 3}', 1, 'Lograr metas de recluta de calidad.', '2025-11-21 12:59:07.316488+00', '2025-11-21 12:59:07.316488+00', 1, 'AND');
INSERT INTO public.campaign_rules (id, campaign_id, scope, rule_kind, config, priority, description, created_at, updated_at, logical_group, logical_operator) VALUES ('772fa1a3-467d-44e6-802a-0059114dd550', '59086cbb-b078-4d75-bd83-7b9921b74850', 'goal', 'METRIC_CONDITION', '{"field": "cumple", "tiers": [{"min": 3, "name": "Bronce"}, {"min": 5, "name": "Plata"}, {"min": 8, "name": "Oro"}, {"min": 12, "name": "Platino"}], "value": "true", "dataset": "promotores_asesores_ganadores", "operator": "eq", "valueType": "text", "definition": "promotores_asesores_ganadores"}', 0, 'Clasificación por cantidad de asesores ganadores.', '2025-11-21 12:59:08.240936+00', '2025-11-21 12:59:08.240936+00', 1, 'AND');
INSERT INTO public.campaign_rules (id, campaign_id, scope, rule_kind, config, priority, description, created_at, updated_at, logical_group, logical_operator) VALUES ('2f748a5e-b7b3-4980-a7e9-e975ec6cc9ba', 'f3222548-2a3a-4dc5-aae8-55762c08f9d5', 'goal', 'METRIC_CONDITION', '{"field": "comision_base_mxn", "value": 588500, "dataset": "polizas", "operator": "gte", "valueType": "number"}', 0, 'Comisiones mínimas acumuladas para clasificar a convenciones', '2025-11-21 12:59:09.169407+00', '2025-11-21 12:59:09.169407+00', 1, 'AND');
INSERT INTO public.campaign_rules (id, campaign_id, scope, rule_kind, config, priority, description, created_at, updated_at, logical_group, logical_operator) VALUES ('b0f7a15d-b468-424e-9bae-7fcd0f0d6f81', 'f81fd14f-b015-4e7c-adc7-83529b92f034', 'goal', 'RC_COUNT', '{"min": 15, "prima_min_mxn": 17000, "polizas_vida_mensuales": 3}', 0, '15 reclutas de calidad (RC = 3 pólizas Vida/mes ≥ $17,000 prima).', '2025-11-21 12:59:10.102525+00', '2025-11-21 12:59:10.102525+00', 1, 'AND');
INSERT INTO public.campaign_rules (id, campaign_id, scope, rule_kind, config, priority, description, created_at, updated_at, logical_group, logical_operator) VALUES ('dc0ee384-188c-41f5-ab97-2b418813dd5d', 'f81fd14f-b015-4e7c-adc7-83529b92f034', 'goal', 'METRIC_CONDITION', '{"min": 15, "field": "cumple", "value": "true", "dataset": "asesores_proactivos", "operator": "eq", "valueType": "text", "definition": "asesores_proactivos"}', 1, '15 asesores proactivos al cierre.', '2025-11-21 12:59:10.102525+00', '2025-11-21 12:59:10.102525+00', 1, 'AND');
INSERT INTO public.campaign_rules (id, campaign_id, scope, rule_kind, config, priority, description, created_at, updated_at, logical_group, logical_operator) VALUES ('ebd179fb-961e-483b-aaed-bf42ed1576c3', 'c91354c4-65fd-4698-a68d-4fc09749ea94', 'goal', 'METRIC_CONDITION', '{"max": 12, "min": 10, "field": "en_rango", "value": "true", "dataset": "asesores_conectados", "metricas": {"comisiones_vi_gmmi": true}, "operator": "eq", "valueType": "text", "definition": "asesores_conectados"}', 0, 'Mantener 10-12 asesores conectados con comisiones mínimas.', '2025-11-21 12:59:11.017662+00', '2025-11-21 12:59:11.017662+00', 1, 'AND');
INSERT INTO public.campaign_rules (id, campaign_id, scope, rule_kind, config, priority, description, created_at, updated_at, logical_group, logical_operator) VALUES ('eb993669-6115-4ae5-a179-9284da29b32a', '2e5c763a-2688-431c-a8eb-007f50af4da8', 'eligibility', 'METRIC_CONDITION', '{"field": "cumple", "value": "true", "aplica": ["vida_inicial", "gmmi_inicial", "gmmi_renovacion"], "dataset": "msi_promotor_condiciones", "operator": "eq", "valueType": "text", "definition": "msi_promotor_condiciones"}', 0, 'Validar cumplimiento de condiciones MSI.', '2025-11-21 12:59:11.918974+00', '2025-11-21 12:59:11.918974+00', 1, 'AND');
INSERT INTO public.campaign_rules (id, campaign_id, scope, rule_kind, config, priority, description, created_at, updated_at, logical_group, logical_operator) VALUES ('08dd60be-957e-4b87-aed0-2da84b596911', '60460458-7d05-4193-88a9-e2248345bfeb', 'eligibility', 'TENURE_MONTHS', '{"role": "asesor", "min_months": 25}', 0, 'Asesores PF = profesionales/consolidados con al menos 25 meses desde su conexión.', '2025-11-21 12:58:44.216957+00', '2025-11-21 12:58:44.216957+00', 1, 'AND');
INSERT INTO public.campaign_rules (id, campaign_id, scope, rule_kind, config, priority, description, created_at, updated_at, logical_group, logical_operator) VALUES ('72d08ec8-b517-4fa2-9662-7f8f088b4f2e', '60460458-7d05-4193-88a9-e2248345bfeb', 'eligibility', 'METRIC_CONDITION', '{"field": "ultimo_mes_conexion", "value": "", "dataset": "candidatos", "operator": "neq", "valueType": "text"}', 1, 'Promotor debe tener mes de conexión registrado.', '2025-11-21 12:58:44.216957+00', '2025-11-21 12:58:44.216957+00', 1, 'AND');
INSERT INTO public.campaign_rules (id, campaign_id, scope, rule_kind, config, priority, description, created_at, updated_at, logical_group, logical_operator) VALUES ('d2441252-5ff1-4c7b-a5e2-41f34e278591', '60460458-7d05-4193-88a9-e2248345bfeb', 'eligibility', 'METRIC_CONDITION', '{"field": "cantidad", "value": 1, "dataset": "polizas_prima_minima", "operator": "gte", "valueType": "number", "prima_minima_mxn": 25000}', 2, 'Al menos una póliza con prima mínima de $25,000 MXN', '2025-11-21 12:58:44.216957+00', '2025-11-21 12:58:44.216957+00', 1, 'AND');
INSERT INTO public.campaign_rules (id, campaign_id, scope, rule_kind, config, priority, description, created_at, updated_at, logical_group, logical_operator) VALUES ('93905dcb-ea9f-4bc3-99ad-56dfb4ebceab', '60460458-7d05-4193-88a9-e2248345bfeb', 'eligibility', 'METRIC_CONDITION', '{"field": "cantidad", "value": 1, "dataset": "polizas_recientes", "operator": "gte", "valueType": "number", "dias_ventana": 365}', 3, 'Póliza emitida recientemente (sin historial previo en 12 meses)', '2025-11-21 12:58:44.216957+00', '2025-11-21 12:58:44.216957+00', 1, 'AND');
INSERT INTO public.campaign_rules (id, campaign_id, scope, rule_kind, config, priority, description, created_at, updated_at, logical_group, logical_operator) VALUES ('e0a9c4bf-8aa9-4e57-b0e9-e38c0c0b17e6', '60460458-7d05-4193-88a9-e2248345bfeb', 'goal', 'COUNT_POLICIES', '{"min": 1, "product": "vida_grupo"}', 0, 'Al menos una póliza Vida Grupo emitida y pagada dentro de la vigencia.', '2025-11-21 12:58:44.216957+00', '2025-11-21 12:58:44.216957+00', 1, 'AND');
INSERT INTO public.campaign_rules (id, campaign_id, scope, rule_kind, config, priority, description, created_at, updated_at, logical_group, logical_operator) VALUES ('a938f98e-2cb1-4295-995a-9f6a31b85234', '32873bf3-de9a-49fc-b34c-5eae329c2ded', 'eligibility', 'METRIC_CONDITION', '{"field": "permitido", "value": "true", "dataset": "clasificacion_asesor", "operator": "eq", "valueType": "text", "definition": "clasificacion_asesor", "permitidos": ["nuevo", "reactivado", "activo"]}', 0, 'Restringe la participación a asesores nuevos, reactivados o activos.', '2025-11-21 12:58:45.146171+00', '2025-11-21 12:58:45.146171+00', 1, 'AND');
INSERT INTO public.campaign_rules (id, campaign_id, scope, rule_kind, config, priority, description, created_at, updated_at, logical_group, logical_operator) VALUES ('796e7d2b-bb35-4aa1-8f84-dbd31fc18753', '32873bf3-de9a-49fc-b34c-5eae329c2ded', 'eligibility', 'METRIC_CONDITION', '{"field": "cumple", "value": "true", "dataset": "primera_poliza_bonus", "operator": "eq", "valueType": "text", "definition": "primera_poliza_bonus", "min_prima_vida": 25000, "primera_poliza": true, "min_prima_accidentes": 50000}', 1, 'Primera póliza válida por perfil con prima mínima según producto.', '2025-11-21 12:58:45.146171+00', '2025-11-21 12:58:45.146171+00', 1, 'AND');
INSERT INTO public.campaign_rules (id, campaign_id, scope, rule_kind, config, priority, description, created_at, updated_at, logical_group, logical_operator) VALUES ('d2098a6e-2aed-4b46-bbf0-12548a5163b0', '32873bf3-de9a-49fc-b34c-5eae329c2ded', 'goal', 'COUNT_POLICIES', '{"min": 2, "products": ["vida_grupo", "accidentes"]}', 0, 'Para premios en especie se contabilizan 2+ pólizas con primas mínimas requeridas.', '2025-11-21 12:58:45.146171+00', '2025-11-21 12:58:45.146171+00', 1, 'AND');
INSERT INTO public.campaign_rules (id, campaign_id, scope, rule_kind, config, priority, description, created_at, updated_at, logical_group, logical_operator) VALUES ('67805884-bee2-4e0f-b41a-3ee3b1f769e0', '81cf0fa6-72fc-4e25-a2a8-2bd5893f76d1', 'eligibility', 'SEGMENT', '{"include": ["asesor_profesional", "nuevo_profesional"]}', 0, 'Solo asesores profesionales y nuevos profesionales.', '2025-11-21 12:58:46.086435+00', '2025-11-21 12:58:46.086435+00', 1, 'AND');
INSERT INTO public.campaign_rules (id, campaign_id, scope, rule_kind, config, priority, description, created_at, updated_at, logical_group, logical_operator) VALUES ('3359ca1c-a56b-4dfb-9b86-b3a65475f73f', '81cf0fa6-72fc-4e25-a2a8-2bd5893f76d1', 'goal', 'TOTAL_PREMIUM', '{"product": "vi", "ranking": "top10", "threshold": 2500000}', 0, 'Top 10 Vida Individual con prima meta de $2.5 MDP.', '2025-11-21 12:58:46.086435+00', '2025-11-21 12:58:46.086435+00', 1, 'AND');
INSERT INTO public.campaign_rules (id, campaign_id, scope, rule_kind, config, priority, description, created_at, updated_at, logical_group, logical_operator) VALUES ('27017eee-e8de-4390-a8ca-30fbe4316781', '81cf0fa6-72fc-4e25-a2a8-2bd5893f76d1', 'goal', 'TOTAL_PREMIUM', '{"product": "gmmi", "ranking": "top3", "threshold": 1100000}', 1, 'Top 3 GMMI con prima inicial de $1.1 MDP.', '2025-11-21 12:58:46.086435+00', '2025-11-21 12:58:46.086435+00', 1, 'AND');
INSERT INTO public.campaign_rules (id, campaign_id, scope, rule_kind, config, priority, description, created_at, updated_at, logical_group, logical_operator) VALUES ('e35387ab-5562-4bb3-af3f-4e94917e9a26', '81cf0fa6-72fc-4e25-a2a8-2bd5893f76d1', 'goal', 'METRIC_CONDITION', '{"field": "cumple", "value": "true", "dataset": "bono_grupo_1", "operator": "eq", "valueType": "text", "definition": "bono_grupo_1", "meses_requeridos": ["2025-12", "2026-01"]}', 2, 'Debe cumplir el Bono Grupo 1 en diciembre 2025 y enero 2026.', '2025-11-21 12:58:46.086435+00', '2025-11-21 12:58:46.086435+00', 1, 'AND');
INSERT INTO public.campaign_rules (id, campaign_id, scope, rule_kind, config, priority, description, created_at, updated_at, logical_group, logical_operator) VALUES ('870570fb-8c93-4758-8c36-7f48fa73f033', 'd4272d76-3217-4e5f-a425-2b348bcf6e87', 'eligibility', 'TENURE_MONTHS', '{"max_months": 18}', 0, 'Solo asesores con hasta 18 meses desde su conexión.', '2025-11-21 12:58:47.026047+00', '2025-11-21 12:58:47.026047+00', 1, 'AND');
INSERT INTO public.campaign_rules (id, campaign_id, scope, rule_kind, config, priority, description, created_at, updated_at, logical_group, logical_operator) VALUES ('f03d5194-353b-4634-912c-6a46dc0711e7', 'd4272d76-3217-4e5f-a425-2b348bcf6e87', 'goal', 'COUNT_POLICIES', '{"min": 12, "tiers": [{"max": 23, "min": 12}, {"max": 35, "min": 24}, {"max": 47, "min": 36}, {"max": 72, "min": 48}]}', 0, 'Meta escalonada de 12 a 72 pólizas emitidas.', '2025-11-21 12:58:47.026047+00', '2025-11-21 12:58:47.026047+00', 1, 'AND');
INSERT INTO public.campaign_rules (id, campaign_id, scope, rule_kind, config, priority, description, created_at, updated_at, logical_group, logical_operator) VALUES ('1f40c090-fd3a-4c94-80e4-5f376393f3c3', 'e7ac8751-1934-4a79-aa36-d70066075f1c', 'eligibility', 'TENURE_MONTHS', '{"max_months": 12}', 0, 'Solo asesores con hasta 12 meses desde conexión.', '2025-11-21 12:58:47.968918+00', '2025-11-21 12:58:47.968918+00', 1, 'AND');
INSERT INTO public.campaign_rules (id, campaign_id, scope, rule_kind, config, priority, description, created_at, updated_at, logical_group, logical_operator) VALUES ('37bc22b1-c54e-40bb-9fff-eac85fc6fc51', 'e7ac8751-1934-4a79-aa36-d70066075f1c', 'goal', 'COUNT_POLICIES', '{"min": 36}', 0, 'Obligatorio alcanzar 36 pólizas emitidas.', '2025-11-21 12:58:47.968918+00', '2025-11-21 12:58:47.968918+00', 1, 'AND');
INSERT INTO public.campaign_rules (id, campaign_id, scope, rule_kind, config, priority, description, created_at, updated_at, logical_group, logical_operator) VALUES ('6571925d-41b1-476a-8f72-9273a739f313', 'e7ac8751-1934-4a79-aa36-d70066075f1c', 'goal', 'TOTAL_PREMIUM', '{"metric": "commissions", "threshold": 114000}', 1, 'Obligatorio acumular $114,000 MXN en comisiones.', '2025-11-21 12:58:47.968918+00', '2025-11-21 12:58:47.968918+00', 1, 'AND');
INSERT INTO public.campaign_rules (id, campaign_id, scope, rule_kind, config, priority, description, created_at, updated_at, logical_group, logical_operator) VALUES ('87381bbe-4a6f-4ff1-85ed-a3101387e063', '5125fd79-7228-432f-ae83-dfd3e0c3b9c7', 'goal', 'COUNT_POLICIES', '{"tiers": [{"max": 47, "min": 24, "name": "Bronce"}, {"max": 71, "min": 48, "name": "Plata"}, {"max": 95, "min": 72, "name": "Oro"}, {"max": 120, "min": 96, "name": "Platino"}]}', 0, 'Clasificación por número de pólizas emitidas.', '2025-11-21 12:58:48.911231+00', '2025-11-21 12:58:48.911231+00', 1, 'AND');
INSERT INTO public.campaign_rules (id, campaign_id, scope, rule_kind, config, priority, description, created_at, updated_at, logical_group, logical_operator) VALUES ('7beab834-9fe6-4a49-abfc-f3523dc07f1d', '86d91c32-3334-49dd-826d-1f4f19e5b762', 'goal', 'COUNT_POLICIES', '{"min": 30}', 0, 'Al menos 30 pólizas emitidas.', '2025-11-21 12:58:50.037235+00', '2025-11-21 12:58:50.037235+00', 1, 'AND');
INSERT INTO public.campaign_rules (id, campaign_id, scope, rule_kind, config, priority, description, created_at, updated_at, logical_group, logical_operator) VALUES ('ac8ad340-8bc6-4a32-ae04-30e3e1f17922', '86d91c32-3334-49dd-826d-1f4f19e5b762', 'goal', 'TOTAL_PREMIUM', '{"metric": "commissions", "threshold": 588500}', 1, 'Comisiones mínimas de $588,500 MXN.', '2025-11-21 12:58:50.037235+00', '2025-11-21 12:58:50.037235+00', 1, 'AND');
INSERT INTO public.campaign_rules (id, campaign_id, scope, rule_kind, config, priority, description, created_at, updated_at, logical_group, logical_operator) VALUES ('8ec8bed3-112a-47f2-ae66-705f2a0f15b2', '913d8d1b-2acc-4a32-84ac-9f482607f9c4', 'goal', 'TOTAL_PREMIUM', '{"metric": "premium", "threshold": 1700000}', 0, 'Prima mínima de $1.7M MXN.', '2025-11-21 12:58:50.965975+00', '2025-11-21 12:58:50.965975+00', 1, 'AND');
INSERT INTO public.campaign_rules (id, campaign_id, scope, rule_kind, config, priority, description, created_at, updated_at, logical_group, logical_operator) VALUES ('8f13cdd5-8e96-46f5-b599-f48438184e69', '913d8d1b-2acc-4a32-84ac-9f482607f9c4', 'goal', 'TOTAL_PREMIUM', '{"metric": "commissions", "threshold": 849000}', 1, 'Comisiones mínimas de $849K MXN.', '2025-11-21 12:58:50.965975+00', '2025-11-21 12:58:50.965975+00', 1, 'AND');
INSERT INTO public.campaign_rules (id, campaign_id, scope, rule_kind, config, priority, description, created_at, updated_at, logical_group, logical_operator) VALUES ('eed29eb6-b2df-43e3-a9c8-1b0fcd6f1957', '913d8d1b-2acc-4a32-84ac-9f482607f9c4', 'goal', 'TOTAL_PREMIUM', '{"metric": "income", "threshold": 1470000}', 2, 'Ingresos mínimos de $1.47M MXN.', '2025-11-21 12:58:50.965975+00', '2025-11-21 12:58:50.965975+00', 1, 'AND');
INSERT INTO public.campaign_rules (id, campaign_id, scope, rule_kind, config, priority, description, created_at, updated_at, logical_group, logical_operator) VALUES ('23f4fc11-f2cd-444a-9457-2769de066064', '913d8d1b-2acc-4a32-84ac-9f482607f9c4', 'eligibility', 'METRIC_CONDITION', '{"field": "ratio", "value": 0.5, "dataset": "mix_vida", "operator": "gte", "min_ratio": 0.5, "valueType": "number", "definition": "mix_vida"}', 3, 'Al menos 50% del negocio debe ser Vida.', '2025-11-21 12:58:50.965975+00', '2025-11-21 12:58:50.965975+00', 1, 'AND');
INSERT INTO public.campaign_rules (id, campaign_id, scope, rule_kind, config, priority, description, created_at, updated_at, logical_group, logical_operator) VALUES ('3a08aef6-3aa9-476d-a12d-005be17b575e', 'a443514f-c742-4c96-801b-7c97b7149f68', 'goal', 'COUNT_POLICIES', '{"min": 85}', 0, 'Debe emitir al menos 85 pólizas.', '2025-11-21 12:58:51.879192+00', '2025-11-21 12:58:51.879192+00', 1, 'AND');
INSERT INTO public.campaign_rules (id, campaign_id, scope, rule_kind, config, priority, description, created_at, updated_at, logical_group, logical_operator) VALUES ('bee33a06-4190-4f88-952f-9abbfc103df6', 'a443514f-c742-4c96-801b-7c97b7149f68', 'eligibility', 'INDEX_THRESHOLD', '{"indices": [{"max": 0.1, "name": "LIMRA", "field": "indice_limra", "source": "cancelaciones"}, {"max": 0.15, "name": "IGC", "field": "indice_igc", "source": "cancelaciones"}]}', 1, 'Cumplir índices LIMRA e IGC dentro de parámetros.', '2025-11-21 12:58:51.879192+00', '2025-11-21 12:58:51.879192+00', 1, 'AND');
INSERT INTO public.campaign_rules (id, campaign_id, scope, rule_kind, config, priority, description, created_at, updated_at, logical_group, logical_operator) VALUES ('73454cae-eaa3-4fe0-a67a-3a966e4089da', 'b32c199f-457e-4bc7-a764-267e5a611be6', 'goal', 'COUNT_POLICIES', '{"max": 14, "min": 8}', 0, 'Emitir de 8 a 14 pólizas dentro del periodo.', '2025-11-21 12:58:52.80857+00', '2025-11-21 12:58:52.80857+00', 1, 'AND');
INSERT INTO public.campaign_rules (id, campaign_id, scope, rule_kind, config, priority, description, created_at, updated_at, logical_group, logical_operator) VALUES ('219e3657-e607-47e2-abb7-f270c3b99ade', 'b32c199f-457e-4bc7-a764-267e5a611be6', 'goal', 'TOTAL_PREMIUM', '{"metric": "commissions", "threshold": 48000}', 1, 'Comisiones acumuladas mínimas de $48,000 MXN durante la campaña.', '2025-11-21 12:58:52.80857+00', '2025-11-21 12:58:52.80857+00', 1, 'AND');
INSERT INTO public.campaign_rules (id, campaign_id, scope, rule_kind, config, priority, description, created_at, updated_at, logical_group, logical_operator) VALUES ('4ae4eb8a-197f-42d8-b195-4963a048ac64', 'b32c199f-457e-4bc7-a764-267e5a611be6', 'eligibility', 'METRIC_CONDITION', '{"field": "cumple", "value": "true", "dataset": "prima_minima", "operator": "eq", "min_prima": 17000, "valueType": "text", "definition": "prima_minima"}', 2, 'Cada póliza debe tener prima mínima de $17,000 MXN.', '2025-11-21 12:58:52.80857+00', '2025-11-21 12:58:52.80857+00', 1, 'AND');
INSERT INTO public.campaign_rules (id, campaign_id, scope, rule_kind, config, priority, description, created_at, updated_at, logical_group, logical_operator) VALUES ('1b97923d-3928-4ad1-8d7c-2ac261206409', 'f064c8cc-4541-4e36-be99-48265baa8eca', 'eligibility', 'METRIC_CONDITION', '{"field": "cantidad", "value": 1, "dataset": "polizas_por_producto", "operator": "gte", "valueType": "number"}', 0, 'Al menos una póliza de VI, GMMI o AP emitida y pagada', '2025-11-21 12:58:53.768889+00', '2025-11-21 12:58:53.768889+00', 1, 'AND');
INSERT INTO public.campaign_rules (id, campaign_id, scope, rule_kind, config, priority, description, created_at, updated_at, logical_group, logical_operator) VALUES ('3a88e5bc-31ae-4a0d-a75b-2705e5825738', 'f064c8cc-4541-4e36-be99-48265baa8eca', 'eligibility', 'METRIC_CONDITION', '{"field": "cantidad", "value": 1, "dataset": "polizas_recientes", "operator": "gte", "valueType": "number", "dias_ventana": 30}', 1, 'Póliza inicial (emitida recientemente, primera del cliente)', '2025-11-21 12:58:53.768889+00', '2025-11-21 12:58:53.768889+00', 1, 'AND');
INSERT INTO public.campaign_rules (id, campaign_id, scope, rule_kind, config, priority, description, created_at, updated_at, logical_group, logical_operator) VALUES ('67021976-e8a0-4b57-8514-a2418c7116ca', 'b9e4a335-a28f-435e-9bee-2c5d189bf7a4', 'eligibility', 'METRIC_CONDITION', '{"field": "cantidad", "value": 1, "dataset": "polizas_por_producto", "operator": "gte", "valueType": "number"}', 0, 'Al menos una póliza GMMI (producto específico)', '2025-11-21 12:58:54.726352+00', '2025-11-21 12:58:54.726352+00', 1, 'AND');
INSERT INTO public.campaign_rules (id, campaign_id, scope, rule_kind, config, priority, description, created_at, updated_at, logical_group, logical_operator) VALUES ('76f9aa8a-df48-4b72-8c5f-344ca279e74a', 'b9e4a335-a28f-435e-9bee-2c5d189bf7a4', 'eligibility', 'METRIC_CONDITION', '{"field": "polizas_vigentes", "value": 1, "dataset": "polizas", "operator": "gte", "valueType": "number"}', 1, 'Póliza vigente (al corriente en pagos) para renovación', '2025-11-21 12:58:54.726352+00', '2025-11-21 12:58:54.726352+00', 1, 'AND');
INSERT INTO public.campaign_rules (id, campaign_id, scope, rule_kind, config, priority, description, created_at, updated_at, logical_group, logical_operator) VALUES ('afa135be-4d9d-4d66-8fee-01e2c085435f', '7dfdd6a5-5f0f-4170-962a-a3d8acf69b21', 'goal', 'METRIC_CONDITION', '{"field": "activo", "value": "true", "period": "2025-10", "dataset": "comisiones_dobles", "operator": "eq", "valueType": "text", "definition": "comisiones_dobles"}', 0, 'Duplica el puntaje de comisiones iniciales en octubre.', '2025-11-21 12:58:55.682191+00', '2025-11-21 12:58:55.682191+00', 1, 'AND');
INSERT INTO public.campaign_rules (id, campaign_id, scope, rule_kind, config, priority, description, created_at, updated_at, logical_group, logical_operator) VALUES ('0e81702b-0901-48e1-9ae7-cbe6c2c558f3', 'eff2fda5-2633-4e02-9b8b-8d22f1998b08', 'eligibility', 'METRIC_CONDITION', '{"field": "cantidad", "value": 1, "dataset": "polizas_por_producto", "operator": "gte", "valueType": "number"}', 0, 'Al menos una póliza de Vida Individual', '2025-11-21 12:58:56.642329+00', '2025-11-21 12:58:56.642329+00', 1, 'AND');
INSERT INTO public.campaign_rules (id, campaign_id, scope, rule_kind, config, priority, description, created_at, updated_at, logical_group, logical_operator) VALUES ('fdf789ae-ed9c-487f-9bf8-bd5a8e99eca5', 'eff2fda5-2633-4e02-9b8b-8d22f1998b08', 'eligibility', 'METRIC_CONDITION', '{"field": "prima_total_mxn", "value": 100000, "dataset": "polizas", "operator": "gte", "valueType": "number"}', 1, 'Prima equivalente mínima de $100,000 MXN (tipo de cambio $16.99)', '2025-11-21 12:58:56.642329+00', '2025-11-21 12:58:56.642329+00', 1, 'AND');
INSERT INTO public.campaign_rules (id, campaign_id, scope, rule_kind, config, priority, description, created_at, updated_at, logical_group, logical_operator) VALUES ('02b67065-05f4-412c-8b3f-9fcd0f431a1e', '4e66eb4f-4cb6-4fa2-845f-8d254a92978e', 'eligibility', 'TENURE_MONTHS', '{"min_months": 24}', 0, 'Solo asesores consolidados (≥ 24 meses).', '2025-11-21 12:58:57.585455+00', '2025-11-21 12:58:57.585455+00', 1, 'AND');
INSERT INTO public.campaign_rules (id, campaign_id, scope, rule_kind, config, priority, description, created_at, updated_at, logical_group, logical_operator) VALUES ('95e287cd-b2d4-4cba-b185-33c2e7702386', '4e66eb4f-4cb6-4fa2-845f-8d254a92978e', 'goal', 'COUNT_POLICIES', '{"max": 15, "min": 6, "products": ["vi", "gmmi"]}', 1, 'Emitir entre 6 y 15 pólizas VI/GMMI.', '2025-11-21 12:58:57.585455+00', '2025-11-21 12:58:57.585455+00', 1, 'AND');
INSERT INTO public.campaign_rules (id, campaign_id, scope, rule_kind, config, priority, description, created_at, updated_at, logical_group, logical_operator) VALUES ('80740ad3-a0a0-4c02-8cf2-4da6782c5001', '2cce9fc6-9046-44b1-ae25-24534164c5c0', 'eligibility', 'METRIC_CONDITION', '{"field": "cantidad", "value": 1, "dataset": "polizas_por_producto", "operator": "gte", "valueType": "number"}', 0, 'Al menos una póliza Momentum (producto específico)', '2025-11-21 12:58:58.72093+00', '2025-11-21 12:58:58.72093+00', 1, 'AND');
INSERT INTO public.campaign_rules (id, campaign_id, scope, rule_kind, config, priority, description, created_at, updated_at, logical_group, logical_operator) VALUES ('21e712af-352b-4b7c-8e22-27646346a707', '2cce9fc6-9046-44b1-ae25-24534164c5c0', 'eligibility', 'METRIC_CONDITION', '{"field": "cantidad", "value": 1, "dataset": "polizas_prima_minima", "operator": "gte", "valueType": "number", "prima_minima_mxn": 50000}', 1, 'Prima mínima de $50,000 MXN por póliza', '2025-11-21 12:58:58.72093+00', '2025-11-21 12:58:58.72093+00', 1, 'AND');
INSERT INTO public.campaign_rules (id, campaign_id, scope, rule_kind, config, priority, description, created_at, updated_at, logical_group, logical_operator) VALUES ('0c8fb008-5a20-48b2-b49c-d2db890f32a3', 'f9f28abe-915d-43ec-b1bb-2c71e4ad70da', 'eligibility', 'SEGMENT', '{"include": ["dcn"]}', 0, 'Solo asesores DCN.', '2025-11-21 12:58:59.818651+00', '2025-11-21 12:58:59.818651+00', 1, 'AND');
INSERT INTO public.campaign_rules (id, campaign_id, scope, rule_kind, config, priority, description, created_at, updated_at, logical_group, logical_operator) VALUES ('b560229c-4ee9-4e7c-a074-0143241eb6b8', 'f9f28abe-915d-43ec-b1bb-2c71e4ad70da', 'goal', 'COUNT_POLICIES', '{"min": 4, "product": "momentum", "paid_required": true}', 1, 'Emitir y pagar 4 pólizas Momentum.', '2025-11-21 12:58:59.818651+00', '2025-11-21 12:58:59.818651+00', 1, 'AND');
INSERT INTO public.campaign_rules (id, campaign_id, scope, rule_kind, config, priority, description, created_at, updated_at, logical_group, logical_operator) VALUES ('c3af59b1-eed7-4ab8-96d3-507d1ed69d3e', '9ed4211b-a0de-4610-be47-cc24bc141574', 'eligibility', 'METRIC_CONDITION', '{"field": "permitido", "value": "true", "dataset": "clasificacion_asesor", "operator": "eq", "valueType": "text", "definition": "clasificacion_asesor", "permitidos": ["12m", "consolidado"]}', 0, 'Solo asesores con al menos 12 meses o consolidados pueden participar.', '2025-11-21 12:59:00.768738+00', '2025-11-21 12:59:00.768738+00', 1, 'AND');
INSERT INTO public.campaign_rules (id, campaign_id, scope, rule_kind, config, priority, description, created_at, updated_at, logical_group, logical_operator) VALUES ('98d17e59-1b22-4bd9-a113-694c1c3c1636', '9ed4211b-a0de-4610-be47-cc24bc141574', 'eligibility', 'METRIC_CONDITION', '{"field": "es_dcn", "value": "true", "dataset": "region_dcn", "operator": "eq", "valueType": "text", "definition": "region_dcn", "requiere_dcn": true}', 1, 'Campaña exclusiva para Dirección Comercial Norte (DCN).', '2025-11-21 12:59:00.768738+00', '2025-11-21 12:59:00.768738+00', 1, 'AND');
INSERT INTO public.campaign_rules (id, campaign_id, scope, rule_kind, config, priority, description, created_at, updated_at, logical_group, logical_operator) VALUES ('fb59492e-3254-4973-a9f6-44e21b27c5e6', '9ed4211b-a0de-4610-be47-cc24bc141574', 'goal', 'COUNT_POLICIES', '{"max": 12, "min": 4, "product": "gmmi"}', 2, 'Emitir entre 4 y 12 pólizas GMM.', '2025-11-21 12:59:00.768738+00', '2025-11-21 12:59:00.768738+00', 1, 'AND');
INSERT INTO public.campaign_rules (id, campaign_id, scope, rule_kind, config, priority, description, created_at, updated_at, logical_group, logical_operator) VALUES ('8a7327b1-122b-4bfd-95a6-abd4e065732b', '9ed4211b-a0de-4610-be47-cc24bc141574', 'goal', 'TOTAL_PREMIUM', '{"metric": "commissions", "threshold": 30000}', 3, 'Comisiones iniciales mínimas requeridas (referencia 30K MXN).', '2025-11-21 12:59:00.768738+00', '2025-11-21 12:59:00.768738+00', 1, 'AND');
INSERT INTO public.campaign_rules (id, campaign_id, scope, rule_kind, config, priority, description, created_at, updated_at, logical_group, logical_operator) VALUES ('d103c196-97b3-4f7d-9e78-7a5d70a3633b', '189ed131-3d6a-4f93-8af7-a7629736c6fb', 'eligibility', 'TENURE_MONTHS', '{"role": "promotor", "max_months": 12}', 0, 'Solo promotores con hasta 12 meses desde su conexión (nuevos).', '2025-11-21 12:59:01.729821+00', '2025-11-21 12:59:01.729821+00', 1, 'AND');
INSERT INTO public.campaign_rules (id, campaign_id, scope, rule_kind, config, priority, description, created_at, updated_at, logical_group, logical_operator) VALUES ('6d4ab4e4-a20e-475a-8315-f4032ed9d5f8', '189ed131-3d6a-4f93-8af7-a7629736c6fb', 'goal', 'RC_COUNT', '{"min": 1, "prima_min_mxn": 17000, "polizas_vida_mensuales": 3}', 1, 'Cumplir metas de recluta de calidad (RC = 3 pólizas Vida/mes con prima anual ≥ $17,000).', '2025-11-21 12:59:01.729821+00', '2025-11-21 12:59:01.729821+00', 1, 'AND');
INSERT INTO public.campaign_rules (id, campaign_id, scope, rule_kind, config, priority, description, created_at, updated_at, logical_group, logical_operator) VALUES ('e3f1ae78-c5a3-4bf7-8e65-c022ce5e2cfa', '189ed131-3d6a-4f93-8af7-a7629736c6fb', 'goal', 'METRIC_CONDITION', '{"field": "comision_base_mxn", "value": 50000, "dataset": "polizas", "operator": "gte", "valueType": "number"}', 2, 'Acumular comisiones mínimas para la campaña (ajustar threshold según campaña)', '2025-11-21 12:59:01.729821+00', '2025-11-21 12:59:01.729821+00', 1, 'AND');
INSERT INTO public.campaign_rules (id, campaign_id, scope, rule_kind, config, priority, description, created_at, updated_at, logical_group, logical_operator) VALUES ('91a70bba-b5dc-4064-83e4-48a4246efae0', 'fa17d399-9dd3-48e5-ac19-10ae684dea25', 'goal', 'METRIC_CONDITION', '{"field": "cumple", "value": "true", "dataset": "promotor_360_index", "operator": "eq", "valueType": "text", "definition": "promotor_360_index", "ponderacion": {"rc": 0.3, "altas": 0.2, "graduados": 0.25, "proactivos": 0.25}}', 0, 'Indicador compuesto RC + desempeño.', '2025-11-21 12:59:02.678203+00', '2025-11-21 12:59:02.678203+00', 1, 'AND');
INSERT INTO public.campaign_rules (id, campaign_id, scope, rule_kind, config, priority, description, created_at, updated_at, logical_group, logical_operator) VALUES ('57ab29c8-d498-4ff9-a20d-418e91b349cc', '7765b4d2-1cf4-49ee-a0df-2f113ac97a42', 'eligibility', 'SEGMENT', '{"include": ["dcn"]}', 0, 'Solo promotores DCN.', '2025-11-21 12:59:03.604144+00', '2025-11-21 12:59:03.604144+00', 1, 'AND');
INSERT INTO public.campaign_rules (id, campaign_id, scope, rule_kind, config, priority, description, created_at, updated_at, logical_group, logical_operator) VALUES ('76e6a53c-5f49-4833-aa7c-605427a979f8', '7765b4d2-1cf4-49ee-a0df-2f113ac97a42', 'goal', 'RC_COUNT', '{"min": 12, "detalles": {"min_current": 6, "min_primera": 6}, "prima_min_mxn": 17000, "polizas_vida_mensuales": 3}', 1, 'Mínimo 12 asesores reclutados válidos (6 Current + 6 1ª Clase).', '2025-11-21 12:59:03.604144+00', '2025-11-21 12:59:03.604144+00', 1, 'AND');
INSERT INTO public.campaign_rules (id, campaign_id, scope, rule_kind, config, priority, description, created_at, updated_at, logical_group, logical_operator) VALUES ('d3b93c7a-2295-4100-996e-633239342565', '7765b4d2-1cf4-49ee-a0df-2f113ac97a42', 'goal', 'METRIC_CONDITION', '{"field": "cumple", "value": "true", "dataset": "promotor_360_dcn_index", "operator": "eq", "valueType": "text", "definition": "promotor_360_dcn_index", "ponderacion": {"bono_ta": 0.2, "recluta": 0.3, "retencion": 0.15, "graduacion": 0.15, "proactivos": 0.2}}', 2, 'Sistema de puntos ponderados DCN.', '2025-11-21 12:59:03.604144+00', '2025-11-21 12:59:03.604144+00', 1, 'AND');
INSERT INTO public.campaign_rules (id, campaign_id, scope, rule_kind, config, priority, description, created_at, updated_at, logical_group, logical_operator) VALUES ('31985931-917a-4474-b4b7-58dbc098747a', '6289d0d7-47b1-46f3-a396-4af6db1c4fc4', 'goal', 'METRIC_CONDITION', '{"field": "cumple", "value": "true", "dataset": "graduados_por_generacion", "operator": "eq", "valueType": "text", "definition": "graduados_por_generacion", "min_por_generacion": 2}', 0, 'Al menos 2 asesores graduados por generación (2 cortes).', '2025-11-21 12:59:04.56024+00', '2025-11-21 12:59:04.56024+00', 1, 'AND');
INSERT INTO public.campaign_rules (id, campaign_id, scope, rule_kind, config, priority, description, created_at, updated_at, logical_group, logical_operator) VALUES ('e7ab42ac-a814-4f3b-bd38-b86ee1014441', 'fd81b7e0-8534-4bd7-b982-7e063cfd0555', 'goal', 'RC_COUNT', '{"min": 1, "prima_min_mxn": 17000, "polizas_vida_mensuales": 3}', 0, 'Cumplir metas de recluta de calidad (RC = 3 pólizas Vida/mes ≥ $17,000 prima).', '2025-11-21 12:59:05.464988+00', '2025-11-21 12:59:05.464988+00', 1, 'AND');
INSERT INTO public.campaign_rules (id, campaign_id, scope, rule_kind, config, priority, description, created_at, updated_at, logical_group, logical_operator) VALUES ('a8b0f9c0-eba4-42a2-b6a5-f9c01ce7f42f', 'fd81b7e0-8534-4bd7-b982-7e063cfd0555', 'goal', 'METRIC_CONDITION', '{"field": "cumple", "value": "true", "campana": "ola_productividad", "dataset": "asesores_ganadores", "operator": "eq", "valueType": "text", "definition": "asesores_ganadores"}', 1, 'Tener asesores ganadores en la campaña objetivo.', '2025-11-21 12:59:05.464988+00', '2025-11-21 12:59:05.464988+00', 1, 'AND');


--
-- Data for Name: campaign_segments; Type: TABLE DATA; Schema: public; Owner: -
--

INSERT INTO public.campaign_segments (campaign_id, segment_id, sort_order) VALUES ('788fe3a8-b530-4dcf-918b-80b56148af6e', '550e3f3b-bf84-4bfd-9156-5cfdcc32c3a6', 0);
INSERT INTO public.campaign_segments (campaign_id, segment_id, sort_order) VALUES ('f74d92bf-ad80-4e20-bd4a-1bfccc03d7f2', '550e3f3b-bf84-4bfd-9156-5cfdcc32c3a6', 0);
INSERT INTO public.campaign_segments (campaign_id, segment_id, sort_order) VALUES ('59086cbb-b078-4d75-bd83-7b9921b74850', '550e3f3b-bf84-4bfd-9156-5cfdcc32c3a6', 0);
INSERT INTO public.campaign_segments (campaign_id, segment_id, sort_order) VALUES ('f3222548-2a3a-4dc5-aae8-55762c08f9d5', '550e3f3b-bf84-4bfd-9156-5cfdcc32c3a6', 0);
INSERT INTO public.campaign_segments (campaign_id, segment_id, sort_order) VALUES ('f81fd14f-b015-4e7c-adc7-83529b92f034', '550e3f3b-bf84-4bfd-9156-5cfdcc32c3a6', 0);
INSERT INTO public.campaign_segments (campaign_id, segment_id, sort_order) VALUES ('c91354c4-65fd-4698-a68d-4fc09749ea94', '550e3f3b-bf84-4bfd-9156-5cfdcc32c3a6', 0);
INSERT INTO public.campaign_segments (campaign_id, segment_id, sort_order) VALUES ('2e5c763a-2688-431c-a8eb-007f50af4da8', '550e3f3b-bf84-4bfd-9156-5cfdcc32c3a6', 0);
INSERT INTO public.campaign_segments (campaign_id, segment_id, sort_order) VALUES ('60460458-7d05-4193-88a9-e2248345bfeb', 'c1555019-1fb8-4c32-8fbb-2c9619469829', 0);
INSERT INTO public.campaign_segments (campaign_id, segment_id, sort_order) VALUES ('60460458-7d05-4193-88a9-e2248345bfeb', '550e3f3b-bf84-4bfd-9156-5cfdcc32c3a6', 1);
INSERT INTO public.campaign_segments (campaign_id, segment_id, sort_order) VALUES ('32873bf3-de9a-49fc-b34c-5eae329c2ded', 'c1555019-1fb8-4c32-8fbb-2c9619469829', 0);
INSERT INTO public.campaign_segments (campaign_id, segment_id, sort_order) VALUES ('81cf0fa6-72fc-4e25-a2a8-2bd5893f76d1', 'c1555019-1fb8-4c32-8fbb-2c9619469829', 0);
INSERT INTO public.campaign_segments (campaign_id, segment_id, sort_order) VALUES ('d4272d76-3217-4e5f-a425-2b348bcf6e87', 'c1555019-1fb8-4c32-8fbb-2c9619469829', 0);
INSERT INTO public.campaign_segments (campaign_id, segment_id, sort_order) VALUES ('e7ac8751-1934-4a79-aa36-d70066075f1c', 'c1555019-1fb8-4c32-8fbb-2c9619469829', 0);
INSERT INTO public.campaign_segments (campaign_id, segment_id, sort_order) VALUES ('5125fd79-7228-432f-ae83-dfd3e0c3b9c7', 'c1555019-1fb8-4c32-8fbb-2c9619469829', 0);
INSERT INTO public.campaign_segments (campaign_id, segment_id, sort_order) VALUES ('86d91c32-3334-49dd-826d-1f4f19e5b762', 'c1555019-1fb8-4c32-8fbb-2c9619469829', 0);
INSERT INTO public.campaign_segments (campaign_id, segment_id, sort_order) VALUES ('913d8d1b-2acc-4a32-84ac-9f482607f9c4', 'c1555019-1fb8-4c32-8fbb-2c9619469829', 0);
INSERT INTO public.campaign_segments (campaign_id, segment_id, sort_order) VALUES ('a443514f-c742-4c96-801b-7c97b7149f68', 'c1555019-1fb8-4c32-8fbb-2c9619469829', 0);
INSERT INTO public.campaign_segments (campaign_id, segment_id, sort_order) VALUES ('b32c199f-457e-4bc7-a764-267e5a611be6', 'c1555019-1fb8-4c32-8fbb-2c9619469829', 0);
INSERT INTO public.campaign_segments (campaign_id, segment_id, sort_order) VALUES ('f064c8cc-4541-4e36-be99-48265baa8eca', 'c1555019-1fb8-4c32-8fbb-2c9619469829', 0);
INSERT INTO public.campaign_segments (campaign_id, segment_id, sort_order) VALUES ('b9e4a335-a28f-435e-9bee-2c5d189bf7a4', 'c1555019-1fb8-4c32-8fbb-2c9619469829', 0);
INSERT INTO public.campaign_segments (campaign_id, segment_id, sort_order) VALUES ('7dfdd6a5-5f0f-4170-962a-a3d8acf69b21', 'c1555019-1fb8-4c32-8fbb-2c9619469829', 0);
INSERT INTO public.campaign_segments (campaign_id, segment_id, sort_order) VALUES ('eff2fda5-2633-4e02-9b8b-8d22f1998b08', 'c1555019-1fb8-4c32-8fbb-2c9619469829', 0);
INSERT INTO public.campaign_segments (campaign_id, segment_id, sort_order) VALUES ('4e66eb4f-4cb6-4fa2-845f-8d254a92978e', 'c1555019-1fb8-4c32-8fbb-2c9619469829', 0);
INSERT INTO public.campaign_segments (campaign_id, segment_id, sort_order) VALUES ('2cce9fc6-9046-44b1-ae25-24534164c5c0', 'c1555019-1fb8-4c32-8fbb-2c9619469829', 0);
INSERT INTO public.campaign_segments (campaign_id, segment_id, sort_order) VALUES ('f9f28abe-915d-43ec-b1bb-2c71e4ad70da', 'c1555019-1fb8-4c32-8fbb-2c9619469829', 0);
INSERT INTO public.campaign_segments (campaign_id, segment_id, sort_order) VALUES ('9ed4211b-a0de-4610-be47-cc24bc141574', 'c1555019-1fb8-4c32-8fbb-2c9619469829', 0);
INSERT INTO public.campaign_segments (campaign_id, segment_id, sort_order) VALUES ('189ed131-3d6a-4f93-8af7-a7629736c6fb', '550e3f3b-bf84-4bfd-9156-5cfdcc32c3a6', 0);
INSERT INTO public.campaign_segments (campaign_id, segment_id, sort_order) VALUES ('fa17d399-9dd3-48e5-ac19-10ae684dea25', '550e3f3b-bf84-4bfd-9156-5cfdcc32c3a6', 0);
INSERT INTO public.campaign_segments (campaign_id, segment_id, sort_order) VALUES ('7765b4d2-1cf4-49ee-a0df-2f113ac97a42', '550e3f3b-bf84-4bfd-9156-5cfdcc32c3a6', 0);
INSERT INTO public.campaign_segments (campaign_id, segment_id, sort_order) VALUES ('6289d0d7-47b1-46f3-a396-4af6db1c4fc4', '550e3f3b-bf84-4bfd-9156-5cfdcc32c3a6', 0);
INSERT INTO public.campaign_segments (campaign_id, segment_id, sort_order) VALUES ('fd81b7e0-8534-4bd7-b982-7e063cfd0555', '550e3f3b-bf84-4bfd-9156-5cfdcc32c3a6', 0);


--
-- PostgreSQL database dump complete
--

\unrestrict oclB78E1w6CCR0hbhWlDkI9DGwHEGxHDaKAfi9w3MQIRwhO1ZVb1wnlPBFfpho6

